<?xml version="1.0" encoding="UTF-8"?>

<mule xmlns:http="http://www.mulesoft.org/schema/mule/http" xmlns:jbossts="http://www.mulesoft.org/schema/mule/jbossts" xmlns:quartz="http://www.mulesoft.org/schema/mule/quartz" xmlns:jdbc="http://www.mulesoft.org/schema/mule/jdbc" xmlns="http://www.mulesoft.org/schema/mule/core" xmlns:doc="http://www.mulesoft.org/schema/mule/documentation" xmlns:spring="http://www.springframework.org/schema/beans" version="CE-3.4.0" xmlns:xsi="http://www.w3.org/2001/XMLSchema-instance" xsi:schemaLocation="http://www.springframework.org/schema/beans http://www.springframework.org/schema/beans/spring-beans-current.xsd
http://www.mulesoft.org/schema/mule/core http://www.mulesoft.org/schema/mule/core/current/mule.xsd
http://www.mulesoft.org/schema/mule/jdbc http://www.mulesoft.org/schema/mule/jdbc/current/mule-jdbc.xsd
http://www.mulesoft.org/schema/mule/quartz http://www.mulesoft.org/schema/mule/quartz/current/mule-quartz.xsd
http://www.mulesoft.org/schema/mule/jbossts http://www.mulesoft.org/schema/mule/jbossts/current/mule-jbossts.xsd
http://www.mulesoft.org/schema/mule/http http://www.mulesoft.org/schema/mule/http/current/mule-http.xsd">
    <jdbc:endpoint exchange-pattern="one-way" queryKey="MaxDateProdCompQwar" name="JDBC_Qwartz_getMaxdate" queryTimeout="-1" pollingFrequency="1000" connector-ref="MySQL_Connector" doc:name="JDBC">
        <jdbc:query key="MaxDateProdCompQwar" value="select max(ModifiedDate) as maxdate From productcomposition;"/>
    </jdbc:endpoint>
    <flow name="componentesFlow1" doc:name="componentesFlow1" initialState="started">
        <jdbc:inbound-endpoint queryKey="getComp" queryTimeout="-1" pollingFrequency="60000" connector-ref="MS_SQL_Connector" doc:name="GetComponenete">
            <jdbc:query key="getComp" value="select * 
from ProductComposition LEFT JOIN ProductCompositionStatus
on ProductComposition.Id = ProductCompositionStatus.IdProductCompositionStatus
where ProductCompositionStatus.Status in ('A','I');"/>
        </jdbc:inbound-endpoint>
        <logger message="#[payload]" level="INFO" doc:name="log-payload"/>
        <jdbc:outbound-endpoint exchange-pattern="one-way" queryKey="DeleteRowStatus" queryTimeout="-1" connector-ref="MS_SQL_Connector" doc:name="deleteRow">
            <jdbc:query key="DeleteRowStatus" value="DELETE 
FROM ProductCompositionStatus 
WHERE IdProductCompositionStatus = #[payload['Id']]"/>
        </jdbc:outbound-endpoint>
        <enricher target="#[variable:count]" doc:name="Message Enricher">
            <jdbc:outbound-endpoint exchange-pattern="request-response" queryKey="countId" queryTimeout="-1" connector-ref="MySQL_Connector" doc:name="count">
                <jdbc:query key="countId" value="SELECT count(*) as count FROM productcomposition WHERE Id = #[payload['Id']]"/>
            </jdbc:outbound-endpoint>
        </enricher>
        <logger message="#[count[0]['count']]" level="INFO" doc:name="log-count"/>
        <choice doc:name="Choice">
            <when expression="#[count[0]['count']==0]">
                <logger message="INSERTANDO" level="INFO" doc:name="INSERT"/>
                <logger message="INSERT INTO productcomposition (Id, IdProductComposite, IdProductSimple, IdUM, Count, Price, ModifiedDate) VALUES(#[payload['Id']], #[payload['IdProductComposite']], #[payload['IdProductSimple']], #[payload['IdUM']], #[payload['Count']], #[payload['Price']], #[payload['ModifiedDate']]);" level="INFO" doc:name="log-insert"/>
                <jdbc:outbound-endpoint exchange-pattern="one-way" queryKey="InsertComp" queryTimeout="-1" connector-ref="MySQL_Connector" doc:name="insert-comp">
                    <jdbc:query key="InsertComp" value="INSERT INTO productcomposition
(Id, IdProductComposite, IdProductSimple, IdUM, Count, Price, ModifiedDate)
VALUES(#[payload['Id']], #[payload['IdProductComposite']], #[payload['IdProductSimple']], #[payload['IdUM']], #[payload['Count']], 
#[payload['Price']], #[payload['ModifiedDate']]);"/>
                </jdbc:outbound-endpoint>
            </when>
            <otherwise>
                <logger message="ACTUALIZANDO" level="INFO" doc:name="UPDATE"/>
                <logger message="UPDATE productcomposition SET IdProductComposite=#[payload['IdProductComposite']], IdProductSimple=#[payload['IdProductSimple']], IdUM=#[payload['IdUM']], Count=#[payload['Count']], Price= #[payload['Price']], ModifiedDate=#[payload['ModifiedDate']] WHERE Id = #[payload['Id']];" level="INFO" doc:name="log-update"/>
                <jdbc:outbound-endpoint exchange-pattern="one-way" queryKey="UpdateComp" queryTimeout="-1" connector-ref="MySQL_Connector" doc:name="update-comp">
                    <jdbc:query key="UpdateComp" value="UPDATE productcomposition SET
IdProductComposite=#[payload['IdProductComposite']], IdProductSimple=#[payload['IdProductSimple']], IdUM=#[payload['IdUM']], 
Count=#[payload['Count']], Price= #[payload['Price']], ModifiedDate=#[payload['ModifiedDate']] WHERE Id = #[payload['Id']];"/>
                </jdbc:outbound-endpoint>
            </otherwise>
        </choice>
    </flow>
</mule>
