<?xml version="1.0" encoding="UTF-8"?>

<mule xmlns:quartz="http://www.mulesoft.org/schema/mule/quartz" xmlns:jdbc="http://www.mulesoft.org/schema/mule/jdbc" xmlns="http://www.mulesoft.org/schema/mule/core" xmlns:doc="http://www.mulesoft.org/schema/mule/documentation" xmlns:spring="http://www.springframework.org/schema/beans" version="CE-3.4.0" xmlns:xsi="http://www.w3.org/2001/XMLSchema-instance" xsi:schemaLocation="http://www.mulesoft.org/schema/mule/quartz http://www.mulesoft.org/schema/mule/quartz/current/mule-quartz.xsd
http://www.mulesoft.org/schema/mule/jdbc http://www.mulesoft.org/schema/mule/jdbc/current/mule-jdbc.xsd
http://www.springframework.org/schema/beans http://www.springframework.org/schema/beans/spring-beans-current.xsd
http://www.mulesoft.org/schema/mule/core http://www.mulesoft.org/schema/mule/core/current/mule.xsd">
    <jdbc:endpoint exchange-pattern="one-way" queryKey="getDimFin" name="JDBC_QwartzGetDimstoServ" queryTimeout="-1" pollingFrequency="1000" connector-ref="MySQL_Connector" doc:name="JDBC">
        <jdbc:query key="getDimFin" value="SELECT * FROM dim WHERE Status = 'A';"/>
    </jdbc:endpoint>
    <flow name="dim-to-serverFlow1" doc:name="dim-to-serverFlow1" initialState="started">
        <jdbc:inbound-endpoint queryKey="getDim" queryTimeout="-1" pollingFrequency="30000" connector-ref="MySQL_Connector" doc:name="getDims">
            <jdbc:query key="getDim" value="SELECT * FROM dim WHERE Status = 'A';"/>
        </jdbc:inbound-endpoint>
        <logger message="#[payload]" level="INFO" doc:name="log-payload"/>
        <enricher target="#[variable:sqldim]" doc:name="shrDim" doc:description="Aqui se guarda la variable que cuenta los rows 'sqldim'.">
            <jdbc:outbound-endpoint exchange-pattern="request-response" queryKey="shrdim" queryTimeout="-1" connector-ref="MS_SQL_Connector" doc:name="busca-dim" doc:description="Esta sentencia cuanta los row que existen  con el mismo Id.">
                <jdbc:query key="shrdim" value="SELECT COUNT(1) AS num FROM MegaWeb.dbo.Dim WHERE Id = #[payload['Id']]"/>
            </jdbc:outbound-endpoint>
        </enricher>
        <logger message="#[sqldim[0]['num']]" level="INFO" doc:name="log-count"/>
        <choice doc:name="Choice">
            <when expression="#[sqldim[0]['num']==0]">
                <logger message="INSERTA" level="INFO" doc:name="INSERT" doc:description="Log que muestra impresion de insertar."/>
                <jdbc:outbound-endpoint exchange-pattern="one-way" queryKey="InsertDim" queryTimeout="-1" connector-ref="MS_SQL_Connector" doc:name="insert-dim" doc:description="Sentencia que inserta Dims nuevos a la tabla Dim de SQLServer.">
                    <jdbc:query key="InsertDim" value="INSERT INTO MegaWeb.dbo.Dim
(Id, IdJDE, IdType, IdSponsor, AddedDate, Calification, Name, LastName, MotherMaidenName, IsOfficialId, HasAddressProof, 
CoHolder, SpouseName, SpouseLastName, SpouseMotherMaidenName, CURP, TaxRegister, BirthDate, LowDate, IdBank, BankAccount, 
KeyAccount, Sucursal, IdSex, IdMaritalStatus, TaxRetention, IdIVAGroup, DiscountPercent, Address1, ExteriorNumber, 
InteriorNumber, Address2, Address3, Address4, IdPopulation, IdState, IdCountry, CP, Reference, PhoneCell, PhoneHome, PhoneOffice, 
Email, Notes, SaleRetention, PointAmount, PointAmountDate, PointAmountInLastCut, MaxCreditAmount, CreditAmount, CreditAmountDate, 
CreditAmountInLastCut, Consignable, MaxConsignableAmount, ConsignableAmount, ConsignableAmountDate, ConsignableAmountInLastCut, 
NeedInvoice, IdDiffusionMedia, ModifiedBy, ModifiedDate, ModifiedOn, ModifiedDateJDE, String1, String2, Disabled)
VALUES(#[payload['Id']],#[payload['IdJDE']],#[payload['IdType']],#[payload['IdSponsor']],#[payload['AddedDate']] ,#[payload['Calification']] ,#[payload['Name']],
#[payload['LastName']],#[payload['MotherMaidenName']],#[payload['IsOfficialId']],#[payload['HasAddressProof']],	#[payload['CoHolder']],#[payload['SpouseName']],	#[payload['SpouseLastName']],	#[payload['SpouseMotherMaidenName']],	#[payload['CURP']],	
#[payload['TaxRegister']],#[payload['BirthDate']],#[payload['LowDate']],#[payload['IdBank']],#[payload['BankAccount']],#[payload['KeyAccount']],	#[payload['Sucursal']],#[payload['IdSex']],
#[payload['IdMaritalStatus']],#[payload['TaxRetention']],#[payload['IdIVAGroup']],#[payload['DiscountPercent']],#[payload['Address1']],	#[payload['ExteriorNumber']],	#[payload['InteriorNumber']],
#[payload['Address2']],#[payload['Address3']],	#[payload['Address4']],#[payload['IdPopulation']],#[payload['IdState']],#[payload['IdCountry']],#[payload['CP']],	#[payload['Reference']],	#[payload['PhoneCell']],	 
#[payload['PhoneHome']],#[payload['PhoneOffice']],#[payload['Email']],	#[payload['Notes']],#[payload['SaleRetention']],#[payload['PointAmount']],#[payload['PointAmountDate']],
#[payload['PointAmountInLastCut']],#[payload['MaxCreditAmount']],#[payload['CreditAmount']],#[payload['CreditAmountDate']],#[payload['CreditAmountInLastCut']],
#[payload['Consignable']],#[payload['MaxConsignableAmount']],#[payload['ConsignableAmount']],#[payload['ConsignableAmountDate']],
#[payload['ConsignableAmountInLastCut']],#[payload['NeedInvoice']],#[payload['IdDiffusionMedia']],#[payload['ModifiedBy']],#[payload['ModifiedDate']],
#[payload['ModifiedOn']],#[payload['ModifiedDateJDE']],#[payload['String1']],	#[payload['String2']],	#[payload['Disabled']]);"/>
                </jdbc:outbound-endpoint>
            </when>
            <otherwise>
                <logger message="ACTUALIZA" level="INFO" doc:name="UPDATE" doc:description="Log que muestra impresion de actualizacion."/>
                <jdbc:outbound-endpoint exchange-pattern="one-way" queryKey="UpdateDim" queryTimeout="-1" connector-ref="MS_SQL_Connector" doc:name="update-dim" doc:description="Sentencia que actualiza un Dim de SQLServer.">
                    <jdbc:query key="UpdateDim" value="UPDATE MegaWeb.dbo.Dim SET
IdType = #[payload['IdType']], IdSponsor = #[payload['IdSponsor']], AddedDate = #[payload['AddedDate']], Calification = #[payload['Calification']], Name = #[payload['Name']], LastName = #[payload['LastName']], MotherMaidenName = #[payload['MotherMaidenName']], IsOfficialId = #[payload['IsOfficialId']], HasAddressProof = #[payload['HasAddressProof']], CoHolder = #[payload['CoHolder']], SpouseName = #[payload['SpouseName']], 
SpouseLastName = #[payload['SpouseLastName']], SpouseMotherMaidenName = #[payload['SpouseMotherMaidenName']], CURP = #[payload['CURP']], TaxRegister = #[payload['TaxRegister']], BirthDate = #[payload['BirthDate']], 
LowDate = #[payload['LowDate']], IdBank = #[payload['IdBank']], BankAccount = #[payload['BankAccount']], KeyAccount = #[payload['KeyAccount']], Sucursal = #[payload['Sucursal']], IdSex = #[payload['IdSex']], IdMaritalStatus = #[payload['IdMaritalStatus']], TaxRetention = #[payload['TaxRetention']], IdIVAGroup = #[payload['IdIVAGroup']], 
DiscountPercent = #[payload['DiscountPercent']], Address1 = #[payload['Address1']], ExteriorNumber = #[payload['ExteriorNumber']], InteriorNumber = #[payload['InteriorNumber']], 
Address2 = #[payload['Address2']], Address3 = #[payload['Address3']], Address4 = #[payload['Address4']], IdPopulation = #[payload['IdPopulation']], IdState = #[payload['IdState']], IdCountry = #[payload['IdCountry']], CP = #[payload['CP']], Reference = #[payload['Reference']], PhoneCell = #[payload['PhoneCell']], PhoneHome = #[payload['PhoneHome']], 
PhoneOffice = #[payload['PhoneOffice']], Email = #[payload['Email']], Notes = #[payload['Notes']], SaleRetention = #[payload['SaleRetention']], 
PointAmount = #[payload['PointAmount']], PointAmountDate = #[payload['PointAmountDate']], PointAmountInLastCut = #[payload['PointAmountInLastCut']], MaxCreditAmount = #[payload['MaxCreditAmount']], CreditAmount = #[payload['CreditAmount']], CreditAmountDate = #[payload['CreditAmountDate']], 
CreditAmountInLastCut = #[payload['CreditAmountInLastCut']], Consignable = #[payload['Consignable']], MaxConsignableAmount = #[payload['MaxConsignableAmount']], ConsignableAmount = #[payload['ConsignableAmount']], ConsignableAmountDate = #[payload['ConsignableAmountDate']], 
ConsignableAmountInLastCut = #[payload['ConsignableAmountInLastCut']], NeedInvoice = #[payload['NeedInvoice']], ModifiedBy = #[payload['ModifiedBy']], ModifiedDate = #[payload['ModifiedDate']], ModifiedOn = #[payload['ModifiedOn']], 
ModifiedDateJDE = #[payload['ModifiedDateJDE']], String1 = #[payload['String1']],  Disabled = #[payload['Disabled']] 
WHERE Id = #[payload['Id']]"/>
                </jdbc:outbound-endpoint>
            </otherwise>
        </choice>
        <jdbc:outbound-endpoint exchange-pattern="one-way" queryKey="updateStatus" queryTimeout="-1" connector-ref="MySQL_Connector" doc:name="update-status" doc:description="Esta sentencia actauliza el campo Status = C para ya no ser tomado en cuenta en algun proximo SELECT.">
            <jdbc:query key="updateStatus" value="UPDATE dim SET Status = 'C' WHERE Id = #[payload['Id']]"/>
        </jdbc:outbound-endpoint>
    </flow>
</mule>
