<?xml version="1.0" encoding="UTF-8"?>

<mule xmlns:quartz="http://www.mulesoft.org/schema/mule/quartz" xmlns:http="http://www.mulesoft.org/schema/mule/http" xmlns:spring="http://www.springframework.org/schema/beans" xmlns:jdbc="http://www.mulesoft.org/schema/mule/jdbc" xmlns="http://www.mulesoft.org/schema/mule/core" xmlns:doc="http://www.mulesoft.org/schema/mule/documentation" version="CE-3.4.0" xmlns:xsi="http://www.w3.org/2001/XMLSchema-instance" xsi:schemaLocation="http://www.mulesoft.org/schema/mule/jdbc http://www.mulesoft.org/schema/mule/jdbc/current/mule-jdbc.xsd
http://www.springframework.org/schema/beans http://www.springframework.org/schema/beans/spring-beans-current.xsd
http://www.mulesoft.org/schema/mule/core http://www.mulesoft.org/schema/mule/core/current/mule.xsd
http://www.mulesoft.org/schema/mule/http http://www.mulesoft.org/schema/mule/http/current/mule-http.xsd
http://www.mulesoft.org/schema/mule/quartz http://www.mulesoft.org/schema/mule/quartz/current/mule-quartz.xsd">
    <jdbc:mssql-data-source name="MS_SQL_Data_Source" user="sa" password="m3g4h3altH753" url="jdbc:sqlserver://192.168.1.14;databaseName=MegaWeb;instanceName=WEBPOS2" transactionIsolation="UNSPECIFIED" doc:name="MS SQL Data Source"  />
    <jdbc:mysql-data-source name="MySQL_Data_Source" user="said" password="Said#00" url="jdbc:mysql://192.168.1.197:3306/megahealth" transactionIsolation="UNSPECIFIED" doc:name="MySQL Data Source"/>
    <jdbc:connector name="MS_SQL_Connector" dataSource-ref="Bean" validateConnections="true" queryTimeout="-1" pollingFrequency="0" doc:name="JDBC" >
        <jdbc:query key="getDims" value="SELECT *
FROM  Dim with(nolock) 
LEFT JOIN TablaControlDimMysql with(nolock) ON Dim.Id = TablaControlDimMySql.IdDim 
WHERE TablaControlDimMySql.IdDim is null AND Dim.Disabled = 'false' and Dim.IdType=75;"/>
    </jdbc:connector>
    <jdbc:connector name="MySQL_Connector" dataSource-ref="MySQL_Data_Source" validateConnections="true" queryTimeout="-1" pollingFrequency="0" doc:name="JDBC"/>
    <spring:beans>
        <spring:bean id="Bean" name="Bean" class="net.sourceforge.jtds.jdbcx.JtdsDataSource">
            <spring:property name="instance" value="WEBPOS2"/>
            <spring:property name="databaseName" value="MegaWeb"/>
            <spring:property name="password" value="m3g4h3altH753"/>
            <spring:property name="serverName" value="192.168.1.14"/>
            <spring:property name="user" value="sa"/>
        </spring:bean>
    </spring:beans>
    <jdbc:mysql-data-source name="MySQL_Data_SourcePrueba" user="said1" password="Said#00" url="jdbc:mysql://192.168.1.197:3306/megahealthee" transactionIsolation="UNSPECIFIED" doc:name="MySQL Data Source"/>
    <jdbc:connector name="JDBCPruebaMysql" dataSource-ref="MySQL_Data_SourcePrueba" validateConnections="true" queryTimeout="-1" pollingFrequency="0" doc:name="JDBC"/>
    <jdbc:endpoint exchange-pattern="one-way" queryKey="GotItDim" name="JDBC_Qwartz_NewDim" queryTimeout="-1" pollingFrequency="1000" connector-ref="MS_SQL_Connector" doc:name="JDBC">
        <jdbc:query key="GotItDim" value="SELECT top 3 *
FROM  Dim with(nolock) 
LEFT JOIN TablaControlDimMysql with(nolock) ON Dim.Id = TablaControlDimMySql.IdDim 
WHERE TablaControlDimMySql.IdDim is null AND Dim.Disabled = 'false' and Dim.IdType=75;"/>
    </jdbc:endpoint>
    <flow name="dimsFlow1" doc:name="dimsFlow1" initialState="started">
        <jdbc:inbound-endpoint queryKey="getDim" queryTimeout="-1" pollingFrequency="30000" connector-ref="MS_SQL_Connector" doc:name="Database">
            <jdbc:query key="getDim" value="SELECT top 50 *
FROM  Dim with(nolock) 
LEFT JOIN TablaControlDimMysql with(nolock) ON Dim.Id = TablaControlDimMySql.IdDim 
WHERE TablaControlDimMySql.IdDim in (Dim.Id) and Dim.IdType=75"/>
        </jdbc:inbound-endpoint>
        <logger message="#[payload['Id']]" level="INFO" doc:name="log-payload" doc:description="El siguiente log muestra la informacion que trae el select 'get-dim'"/>
        <enricher target="#[variable:count]" doc:name="Message Enricher">
            <jdbc:outbound-endpoint exchange-pattern="request-response" connector-ref="MySQL_Connector" queryKey="count-dim" queryTimeout="-1" doc:name="count">
                <jdbc:query key="count-dim" value="SELECT COUNT(1) as count
FROM dim
WHERE Id = #[payload['Id']]
"/>
            </jdbc:outbound-endpoint>
        </enricher>
        <choice doc:name="Choice">
            <when expression="#[count[0]['count']==0]">
                <logger message="INSERT INTO dim (Id, IdJDE, IdType, IdSponsor, AddedDate, Calification, Name, LastName, MotherMaidenName, IsOfficialId, HasAddressProof, CoHolder, SpouseName, SpouseLastName, SpouseMotherMaidenName, CURP, TaxRegister, BirthDate, LowDate, IdBank, BankAccount, KeyAccount, Sucursal, IdSex, IdMaritalStatus, TaxRetention, IdIVAGroup, DiscountPercent, Address1, ExteriorNumber, InteriorNumber, Address2, Address3, Address4, IdPopulation, IdState, IdCountry, CP, Reference, PhoneCell, PhoneHome, PhoneOffice, Email, Notes, SaleRetention, PointAmount, PointAmountDate, PointAmountInLastCut, MaxCreditAmount, CreditAmount, CreditAmountDate, CreditAmountInLastCut, Consignable, MaxConsignableAmount, ConsignableAmount, ConsignableAmountDate, ConsignableAmountInLastCut, NeedInvoice, IdDiffusionMedia, ModifiedBy, ModifiedDate, ModifiedOn, ModifiedDateJDE, String1, String2, Disabled, Status) VALUES (#[payload['Id']],#[payload['IdJDE']],#[payload['IdType']],#[payload['IdSponsor']],#[payload['AddedDate']], #[payload['Calification']] ,#[payload['Name']], #[payload['LastName']],#[payload['MotherMaidenName']],#[payload['IsOfficialId']], #[payload['HasAddressProof']],	#[payload['CoHolder']],#[payload['SpouseName']], #[payload['SpouseLastName']],	#[payload['SpouseMotherMaidenName']],	#[payload['CURP']],	#[payload['TaxRegister']],#[payload['BirthDate']],#[payload['LowDate']],#[payload['IdBank']],#[payload['BankAccount']], #[payload['KeyAccount']],	#[payload['Sucursal']], #[payload['IdSex']], #[payload['IdMaritalStatus']],#[payload['TaxRetention']],#[payload['IdIVAGroup']],#[payload['DiscountPercent']],#[payload['Address1']], #[payload['ExteriorNumber']],#[payload['InteriorNumber']], #[payload['Address2']],#[payload['Address3']],	#[payload['Address4']],#[payload['IdPopulation']],#[payload['IdState']], #[payload['IdCountry']], #[payload['CP']], #[payload['Reference']],	#[payload['PhoneCell']], #[payload['PhoneHome']],#[payload['PhoneOffice']],#[payload['Email']],	#[payload['Notes']], #[payload['SaleRetention']],#[payload['PointAmount']],#[payload['PointAmountDate']], #[payload['PointAmountInLastCut']],#[payload['MaxCreditAmount']],#[payload['CreditAmount']], #[payload['CreditAmountDate']],#[payload['CreditAmountInLastCut']], #[payload['Consignable']],#[payload['MaxConsignableAmount']],#[payload['ConsignableAmount']], #[payload['ConsignableAmountDate']], #[payload['ConsignableAmountInLastCut']],#[payload['NeedInvoice']],#[payload['IdDiffusionMedia']],#[payload['ModifiedBy']],#[payload['ModifiedDate']], #[payload['ModifiedOn']],#[payload['ModifiedDateJDE']], #[payload['String1']],	#[payload['String2']],	#[payload['Disabled']], 'C');" level="INFO" doc:name="log-insert"/>
                <jdbc:outbound-endpoint exchange-pattern="one-way" connector-ref="MySQL_Connector" queryKey="Insertdim" queryTimeout="-1" doc:name="Insert-Dim" doc:description="Se genera sentencia para insertar los Dims nuevos a la base de datos MySQL, agregandoles un status 'C' que indique que esta completa la operacion. ">
                    <jdbc:query key="Insertdim" value="INSERT INTO dim
(Id, IdJDE, IdType, IdSponsor, AddedDate, Calification, Name, LastName, MotherMaidenName, IsOfficialId, HasAddressProof, 
CoHolder, SpouseName, SpouseLastName, SpouseMotherMaidenName, CURP, TaxRegister, BirthDate, LowDate, IdBank, BankAccount, 
KeyAccount, Sucursal, IdSex, IdMaritalStatus, TaxRetention, IdIVAGroup, DiscountPercent, Address1, ExteriorNumber, 
InteriorNumber, Address2, Address3, Address4, IdPopulation, IdState, IdCountry, CP, Reference, PhoneCell, PhoneHome, PhoneOffice, 
Email, Notes, SaleRetention, PointAmount, PointAmountDate, PointAmountInLastCut, MaxCreditAmount, CreditAmount, CreditAmountDate, 
CreditAmountInLastCut, Consignable, MaxConsignableAmount, ConsignableAmount, ConsignableAmountDate, ConsignableAmountInLastCut, 
NeedInvoice, IdDiffusionMedia, ModifiedBy, ModifiedDate, ModifiedOn, ModifiedDateJDE, String1, String2, Disabled, Status)
VALUES (#[payload['Id']],#[payload['IdJDE']],#[payload['IdType']],#[payload['IdSponsor']],#[payload['AddedDate']],
#[payload['Calification']] ,#[payload['Name']], #[payload['LastName']],#[payload['MotherMaidenName']],#[payload['IsOfficialId']],
#[payload['HasAddressProof']],	#[payload['CoHolder']],#[payload['SpouseName']], #[payload['SpouseLastName']],	#[payload['SpouseMotherMaidenName']],	
#[payload['CURP']],	#[payload['TaxRegister']],#[payload['BirthDate']],#[payload['LowDate']],#[payload['IdBank']],#[payload['BankAccount']], #[payload['KeyAccount']],	
#[payload['Sucursal']], #[payload['IdSex']], #[payload['IdMaritalStatus']],#[payload['TaxRetention']],#[payload['IdIVAGroup']],#[payload['DiscountPercent']],#[payload['Address1']],	
#[payload['ExteriorNumber']],#[payload['InteriorNumber']], #[payload['Address2']],#[payload['Address3']],	#[payload['Address4']],#[payload['IdPopulation']],#[payload['IdState']],
#[payload['IdCountry']], #[payload['CP']], #[payload['Reference']],	#[payload['PhoneCell']], #[payload['PhoneHome']],#[payload['PhoneOffice']],#[payload['Email']],	#[payload['Notes']], 
#[payload['SaleRetention']],#[payload['PointAmount']],#[payload['PointAmountDate']], #[payload['PointAmountInLastCut']],#[payload['MaxCreditAmount']],#[payload['CreditAmount']],
#[payload['CreditAmountDate']],#[payload['CreditAmountInLastCut']], #[payload['Consignable']],#[payload['MaxConsignableAmount']],#[payload['ConsignableAmount']],
#[payload['ConsignableAmountDate']], #[payload['ConsignableAmountInLastCut']],#[payload['NeedInvoice']],#[payload['IdDiffusionMedia']],#[payload['ModifiedBy']],#[payload['ModifiedDate']],
#[payload['ModifiedOn']],#[payload['ModifiedDateJDE']], #[payload['String1']],	#[payload['String2']],	#[payload['Disabled']], 'C');"/>
                </jdbc:outbound-endpoint>
            </when>
            <otherwise>
                <logger message="UPDATE dim SET IdSponsor = #[payload['IdSponsor']], AddedDate = #[payload['AddedDate']], Calification = #[payload['Calification']], Name = #[payload['Name']], LastName = #[payload['LastName']], MotherMaidenName = #[payload['MotherMaidenName']], IsOfficialId = #[payload['IsOfficialId']], HasAddressProof = #[payload['HasAddressProof']], CoHolder = #[payload['CoHolder']], SpouseName = #[payload['SpouseName']], SpouseLastName = #[payload['SpouseLastName']], SpouseMotherMaidenName = #[payload['SpouseMotherMaidenName']], CURP = #[payload['CURP']], TaxRegister = #[payload['TaxRegister']], LowDate = #[payload['LowDate']], IdBank = #[payload['IdBank']], BankAccount = #[payload['BankAccount']], KeyAccount = #[payload['KeyAccount']], Sucursal = #[payload['Sucursal']], IdMaritalStatus = #[payload['IdMaritalStatus']], TaxRetention = #[payload['TaxRetention']], IdIVAGroup = #[payload['IdIVAGroup']], DiscountPercent = #[payload['DiscountPercent']], Address1 = #[payload['Address1']], ExteriorNumber = #[payload['ExteriorNumber']], InteriorNumber = #[payload['InteriorNumber']], Address2 = #[payload['Address2']], Address3 = #[payload['Address3']], Address4 = #[payload['Address4']], IdPopulation = #[payload['IdPopulation']], IdState = #[payload['IdState']], CP = #[payload['CP']], Reference = #[payload['Reference']], PhoneCell = #[payload['PhoneCell']], PhoneHome = #[payload['PhoneHome']], PhoneOffice = #[payload['PhoneOffice']], Email = #[payload['Email']], SaleRetention = #[payload['SaleRetention']], PointAmount = #[payload['PointAmount']], PointAmountDate = #[payload['PointAmountDate']], PointAmountInLastCut = #[payload['PointAmountInLastCut']], MaxCreditAmount = #[payload['MaxCreditAmount']], CreditAmount = #[payload['CreditAmount']], CreditAmountDate = #[payload['CreditAmountDate']], CreditAmountInLastCut = #[payload['CreditAmountInLastCut']], Consignable = #[payload['Consignable']], MaxConsignableAmount = #[payload['MaxConsignableAmount']], ConsignableAmount = #[payload['ConsignableAmount']], ConsignableAmountDate = #[payload['ConsignableAmountDate']], ConsignableAmountInLastCut = #[payload['ConsignableAmountInLastCut']], NeedInvoice = #[payload['NeedInvoice']], IdDiffusionMedia = #[payload['IdDiffusionMedia']], ModifiedBy = #[payload['ModifiedBy']], ModifiedDate = #[payload['ModifiedDate']], ModifiedOn = #[payload['ModifiedOn']], ModifiedDateJDE = #[payload['ModifiedDateJDE']], Disabled = #[payload['Disabled']], Status = 'C' WHERE Id = #[payload['Id']]" level="INFO" doc:name="log-update"/>
                <jdbc:outbound-endpoint exchange-pattern="one-way" connector-ref="MySQL_Connector" queryKey="update" queryTimeout="-1" doc:name="update">
                    <jdbc:query key="update" value="UPDATE dim 
SET IdSponsor = #[payload['IdSponsor']], AddedDate = #[payload['AddedDate']], Calification = #[payload['Calification']], 
Name = #[payload['Name']], LastName = #[payload['LastName']], MotherMaidenName = #[payload['MotherMaidenName']], 
IsOfficialId = #[payload['IsOfficialId']], HasAddressProof = #[payload['HasAddressProof']], CoHolder = #[payload['CoHolder']], SpouseName = #[payload['SpouseName']], SpouseLastName = #[payload['SpouseLastName']], 
SpouseMotherMaidenName = #[payload['SpouseMotherMaidenName']], CURP = #[payload['CURP']], 
TaxRegister = #[payload['TaxRegister']], LowDate = #[payload['LowDate']], IdBank = #[payload['IdBank']], 
BankAccount = #[payload['BankAccount']], KeyAccount = #[payload['KeyAccount']], Sucursal = #[payload['Sucursal']], 
IdMaritalStatus = #[payload['IdMaritalStatus']], TaxRetention = #[payload['TaxRetention']], IdIVAGroup = #[payload['IdIVAGroup']], DiscountPercent = #[payload['DiscountPercent']], Address1 = #[payload['Address1']], ExteriorNumber = #[payload['ExteriorNumber']], InteriorNumber = #[payload['InteriorNumber']], Address2 = #[payload['Address2']], Address3 = #[payload['Address3']], 
Address4 = #[payload['Address4']], IdPopulation = #[payload['IdPopulation']], IdState = #[payload['IdState']], 
CP = #[payload['CP']], Reference = #[payload['Reference']], PhoneCell = #[payload['PhoneCell']], 
PhoneHome = #[payload['PhoneHome']], PhoneOffice = #[payload['PhoneOffice']], Email = #[payload['Email']], 
SaleRetention = #[payload['SaleRetention']], PointAmount = #[payload['PointAmount']], PointAmountDate = #[payload['PointAmountDate']], PointAmountInLastCut = #[payload['PointAmountInLastCut']], MaxCreditAmount = #[payload['MaxCreditAmount']], 
CreditAmount = #[payload['CreditAmount']], CreditAmountDate = #[payload['CreditAmountDate']], 
CreditAmountInLastCut = #[payload['CreditAmountInLastCut']], Consignable = #[payload['Consignable']], 
MaxConsignableAmount = #[payload['MaxConsignableAmount']], ConsignableAmount = #[payload['ConsignableAmount']], ConsignableAmountDate = #[payload['ConsignableAmountDate']], 
ConsignableAmountInLastCut = #[payload['ConsignableAmountInLastCut']], NeedInvoice = #[payload['NeedInvoice']], 
IdDiffusionMedia = #[payload['IdDiffusionMedia']], ModifiedBy = #[payload['ModifiedBy']], 
ModifiedDate = #[payload['ModifiedDate']], ModifiedOn = #[payload['ModifiedOn']], 
ModifiedDateJDE = #[payload['ModifiedDateJDE']], Disabled = #[payload['Disabled']], Status = 'C' 
WHERE Id = #[payload['Id']]"/>
                </jdbc:outbound-endpoint>
            </otherwise>
        </choice>
        <jdbc:outbound-endpoint exchange-pattern="one-way" connector-ref="MS_SQL_Connector" queryKey="control" queryTimeout="-1" doc:name="tablaControl" doc:description="Sentencia que inserta el Id de los nuevos Dims en la TablaControlDimMySQL.">
            <jdbc:query key="control" value="DELETE FROM TablaControlDimMySql WHERE IdDim = #[payload['Id']]"/>
        </jdbc:outbound-endpoint>
    </flow>
</mule>