<?xml version="1.0" encoding="UTF-8"?>

<mule xmlns:vm="http://www.mulesoft.org/schema/mule/vm" xmlns:http="http://www.mulesoft.org/schema/mule/http" xmlns:jbossts="http://www.mulesoft.org/schema/mule/jbossts" xmlns:quartz="http://www.mulesoft.org/schema/mule/quartz" xmlns:jdbc="http://www.mulesoft.org/schema/mule/jdbc" xmlns="http://www.mulesoft.org/schema/mule/core" xmlns:doc="http://www.mulesoft.org/schema/mule/documentation" xmlns:spring="http://www.springframework.org/schema/beans" version="CE-3.4.0" xmlns:xsi="http://www.w3.org/2001/XMLSchema-instance" xsi:schemaLocation="http://www.springframework.org/schema/beans http://www.springframework.org/schema/beans/spring-beans-current.xsd
http://www.mulesoft.org/schema/mule/core http://www.mulesoft.org/schema/mule/core/current/mule.xsd
http://www.mulesoft.org/schema/mule/jdbc http://www.mulesoft.org/schema/mule/jdbc/current/mule-jdbc.xsd
http://www.mulesoft.org/schema/mule/quartz http://www.mulesoft.org/schema/mule/quartz/current/mule-quartz.xsd
http://www.mulesoft.org/schema/mule/jbossts http://www.mulesoft.org/schema/mule/jbossts/current/mule-jbossts.xsd
http://www.mulesoft.org/schema/mule/http http://www.mulesoft.org/schema/mule/http/current/mule-http.xsd
http://www.mulesoft.org/schema/mule/vm http://www.mulesoft.org/schema/mule/vm/current/mule-vm.xsd">
    <jdbc:endpoint exchange-pattern="one-way" queryKey="GetPrices" name="JDBC_Qwartz_getMaxDate" queryTimeout="-1" pollingFrequency="1000" connector-ref="MS_SQL_Connector" doc:name="JDBC">
        <jdbc:query key="GetPrices" value="SELECT * 
FROM Product_Price LEFT JOIN ProductPriceStatus ON Product_Price.Id = ProductPriceStatus.IdProductPriceStatus
WHERE ProductPriceStatus.Status IN ('A','I');"/>
    </jdbc:endpoint>
    <flow name="pricesFlow1" doc:name="pricesFlow1" initialState="started">
        <jdbc:inbound-endpoint queryKey="getPrice" queryTimeout="-1" pollingFrequency="60000" connector-ref="MS_SQL_Connector" doc:name="getPrice">
            <jdbc:query key="getPrice" value="SELECT * 
FROM Product_Price LEFT JOIN ProductPriceStatus ON Product_Price.Id = ProductPriceStatus.IdProductPriceStatus
WHERE ProductPriceStatus.Status IN ('A','I');"/>
        </jdbc:inbound-endpoint>
        <logger message="#[payload]" level="INFO" doc:name="log-payload"/>
        <jdbc:outbound-endpoint exchange-pattern="one-way" queryKey="deleteRow" queryTimeout="-1" connector-ref="MS_SQL_Connector" doc:name="deleteStatus">
            <jdbc:query key="deleteRow" value="DELETE from ProductPriceStatus where IdProductPriceStatus = #[payload['Id']]"/>
        </jdbc:outbound-endpoint>
        <enricher target="#[variable:count]" doc:name="existePriceProd">
            <jdbc:outbound-endpoint exchange-pattern="request-response" queryKey="countExistProd" queryTimeout="-1" connector-ref="MySQL_Connector" doc:name="existe?">
                <jdbc:query key="countExistProd" value="select count(*) as count from product_price where IdProduct = #[payload['IdProduct']]"/>
            </jdbc:outbound-endpoint>
        </enricher>
        <logger message="#[count[0]['count']]" level="INFO" doc:name="log-count"/>
        <choice doc:name="Choice">
            <when expression="#[count[0]['count']==0]">
                <logger message="INSERTANDO" level="INFO" doc:name="Insert"/>
                <logger message="INSERT INTO Product_Price (Id, IdProduct, IdClientType, IdPriceType, IdCurrency, IdUM, IdCompany, IdShop, InitialDate, FinalDate, Price, Points, Management, ModifiedDate, Disabled) VALUES (#[payload['Id']], #[payload['IdProduct']], #[payload['IdClientType']], #[payload['IdPriceType']], #[payload['IdCurrency']], #[payload['IdUM']], #[payload['IdCompany']], #[payload['IdShop']], #[payload['InitialDate']], #[payload['FinalDate']], #[payload['Price']], #[payload['Points']], #[payload['Management']], #[payload['ModifiedDate']], #[payload['Disabled']]);" level="INFO" doc:name="log-insert"/>
                <jdbc:outbound-endpoint exchange-pattern="one-way" queryKey="InsertPrice" queryTimeout="-1" connector-ref="MySQL_Connector" doc:name="Insert-Price">
                    <jdbc:query key="InsertPrice" value="INSERT INTO product_price
(Id, IdProduct, IdClientType, IdPriceType, IdCurrency, IdUM, IdCompany, IdShop, InitialDate, FinalDate, Price, Points, Management, ModifiedDate, Disabled)
VALUES (#[payload['Id']], #[payload['IdProduct']], #[payload['IdClientType']], #[payload['IdPriceType']], #[payload['IdCurrency']], #[payload['IdUM']], #[payload['IdCompany']], #[payload['IdShop']], #[payload['InitialDate']], #[payload['FinalDate']], #[payload['Price']], #[payload['Points']], #[payload['Management']], #[payload['ModifiedDate']], #[payload['Disabled']]);"/>
                </jdbc:outbound-endpoint>
            </when>
            <otherwise>
                <logger message="ACTUALIZANDO" level="INFO" doc:name="Update"/>
                <logger message="UPDATE Product_Price SET IdClientType=#[payload['IdClientType']], IdPriceType=#[payload['IdPriceType']], IdCurrency=#[payload['IdCurrency']], IdUM=#[payload['IdUM']], IdCompany=#[payload['IdCompany']], IdShop=#[payload['IdShop']], InitialDate=#[payload['InitialDate']], FinalDate=#[payload['FinalDate']], Price=#[payload['Price']], Points=#[payload['Points']], Management=#[payload['Management']], ModifiedDate=#[payload['ModifiedDate']],Disabled=#[payload['Disabled']] WHERE IdProduct = #[payload['IdProduct']];" level="INFO" doc:name="log-update"/>
                <jdbc:outbound-endpoint exchange-pattern="one-way" queryKey="updatePrice" queryTimeout="-1" connector-ref="MySQL_Connector" doc:name="update-price">
                    <jdbc:query key="updatePrice" value="UPDATE product_price SET
IdClientType=#[payload['IdClientType']], 
IdPriceType=#[payload['IdPriceType']], IdCurrency=#[payload['IdCurrency']], 
IdUM=#[payload['IdUM']], IdCompany=#[payload['IdCompany']], 
IdShop=#[payload['IdShop']], InitialDate=#[payload['InitialDate']], 
FinalDate=#[payload['FinalDate']], Price=#[payload['Price']], 
Points=#[payload['Points']], Management=#[payload['Management']], 
ModifiedDate=#[payload['ModifiedDate']],Disabled=#[payload['Disabled']]
WHERE IdProduct = #[payload['IdProduct']];"/>
                </jdbc:outbound-endpoint>
            </otherwise>
        </choice>
        <jdbc:outbound-endpoint exchange-pattern="one-way" queryKey="UpDisPri" queryTimeout="-1" connector-ref="MySQL_Connector" doc:name="updDisPrice">
            <jdbc:query key="UpDisPri" value="update product_price set Disabled = 1 where FinalDate &lt; now() and Disabled = 0;"/>
        </jdbc:outbound-endpoint>
    </flow>
</mule>

