<?xml version="1.0" encoding="UTF-8"?>

<mule xmlns:quartz="http://www.mulesoft.org/schema/mule/quartz" xmlns:http="http://www.mulesoft.org/schema/mule/http" xmlns:jdbc="http://www.mulesoft.org/schema/mule/jdbc" xmlns="http://www.mulesoft.org/schema/mule/core" xmlns:doc="http://www.mulesoft.org/schema/mule/documentation" xmlns:spring="http://www.springframework.org/schema/beans" version="CE-3.4.0" xmlns:xsi="http://www.w3.org/2001/XMLSchema-instance" xsi:schemaLocation="http://www.mulesoft.org/schema/mule/http http://www.mulesoft.org/schema/mule/http/current/mule-http.xsd
http://www.mulesoft.org/schema/mule/quartz http://www.mulesoft.org/schema/mule/quartz/current/mule-quartz.xsd
http://www.mulesoft.org/schema/mule/jdbc http://www.mulesoft.org/schema/mule/jdbc/current/mule-jdbc.xsd
http://www.springframework.org/schema/beans http://www.springframework.org/schema/beans/spring-beans-current.xsd
http://www.mulesoft.org/schema/mule/core http://www.mulesoft.org/schema/mule/core/current/mule.xsd">
    <jdbc:endpoint exchange-pattern="one-way" queryKey="getSaleFromMysql" name="JDBC_Qwrtz_sales" queryTimeout="-1" pollingFrequency="1000" connector-ref="MySQL_Connector" doc:name="JDBC">
        <jdbc:query key="getSaleFromMysql" value="SELECT * 
FROM operation 
WHERE IdType= 51 AND IdStatus = 36 and Status = 'A';"/>
    </jdbc:endpoint>
    <thread-per-processor-processing-strategy name="Thread_Per_Processor_Processing_Strategy" maxThreads="1" minThreads="1" threadTTL="1" poolExhaustedAction="WAIT" maxBufferSize="10" doc:name="Thread Per Processor Processing Strategy"/>
    <flow name="ventasFlow1" doc:name="ventasFlow1" initialState="started">
        <jdbc:inbound-endpoint queryKey="getSale" queryTimeout="-1" pollingFrequency="30000" connector-ref="MySQL_Connector" doc:name="gatesale">
            <jdbc:query key="getSale" value="SELECT * 
FROM operation 
WHERE IdType= 51 AND IdStatus = 36 and Status = 'A';"/>
        </jdbc:inbound-endpoint>
        <logger message="#[payload]" level="INFO" doc:name="log-payload" doc:description="Log que muestra la infromacion de la sentencia anterior."/>
        <logger message="INSERTANDO ENCABEZADO" level="INFO" doc:name="INSERTA ENCABEZADO" doc:description="Lo que muestra impresion de texto 'Insertanto Encabezado'."/>
        <jdbc:outbound-endpoint exchange-pattern="one-way" queryKey="insertVta" queryTimeout="-1" connector-ref="MS_SQL_Connector" doc:name="insertVtaEnc" doc:description="Inserta los rows en la tabla Operation ( encabezado) que se trae del select 'get-sales' a la base de datos SQLServer.">
            <jdbc:query key="insertVta" value="INSERT INTO Operation
(Id, IdJDE, IdShop, IdType, IdSubType, IdDim, Consecutive, OfficialConsecutive, 
CancelConsecutive, Source, Pediment, IdOperationCurrency, ChangeRate, 
IVACodeAppliedToManagement, IVAAppliedToManagement, TotalPointOperation, 
SubTotalOperationAmount, TotalManagementOperation, DiscountPercentApply, 
TotalOperationDiscount, TotalIVAOperation, OperationAmount, Amount, IdStatus, AddedDate, Reference, 
Notes, ModifiedBy, ModifiedDate, ModifiedOn, String1, String2)
VALUES(#[payload.Id], #[payload['IdJDE']], #[payload['IdShop']], #[payload['IdType']], 
#[payload['IdSubType']], #[payload['IdDim']], #[payload['OfficialConsecutive']], #[payload['OfficialConsecutive']], 
#[payload['CancelConsecutive']], #[payload['Source']], #[payload['Pediment']], #[payload['IdOperationCurrency']], 
#[payload['ChangeRate']], #[payload['IVACodeAppliedToManagement']], #[payload['IVAAppliedToManagement']], 
#[payload['TotalPointOperation']], #[payload['SubTotalOperationAmount']], #[payload['TotalManagementOperation']], 
#[payload['DiscountPercentApply']], #[payload['TotalOperationDiscount']], #[payload['TotalIVAOperation']],
#[payload['OperationAmount']], #[payload['Amount']], #[payload['IdStatus']], #[payload['AddedDate']], 
#[payload['Reference']], #[payload['Notes']], #[payload['ModifiedBy']], #[payload['ModifiedDate']],
#[payload['ModifiedOn']], #[payload['String1']], #[payload['String2']]);"/>
        </jdbc:outbound-endpoint>
        <logger message="#[payload['Id']]" level="INFO" doc:name="log-Id" doc:description="Log que muestra el Id del row que se esta procesando."/>
        <set-session-variable variableName="idd" value="#[payload['Id']]" doc:name="Session Variable"/>
        <flow-ref name="ventasDetalle" doc:name="Flow Reference" doc:description="Este Flow Reference nos direcciona a la siguiente parte de la venta que es el detalle, que corresponde al encabezado de la venta."/>
    </flow>
    <flow name="ventasDetalle" doc:name="ventasDetalle" initialState="started">
        <jdbc:outbound-endpoint exchange-pattern="request-response" queryKey="getdetail" queryTimeout="-1" connector-ref="MySQL_Connector" doc:name="getdetail" doc:description="Obtiene el detalle de la tabla OperationDetail de la B.D MySql donde el IdOperation corresponda al Id del encabezado.">
            <jdbc:query key="getdetail" value="SELECT * FROM operationdetail WHERE  IdOperation = #[idd]"/>
        </jdbc:outbound-endpoint>
        <foreach doc:name="For Each" doc:description="Por cada Id de encabezado se insertan sus detalles.">
            <logger message="#[payload]" level="INFO" doc:name="log-payload" doc:description="Lo que muestra la informacion de la sentencia anterior."/>
            <jdbc:outbound-endpoint exchange-pattern="one-way" queryKey="insertVtaDetail" queryTimeout="-1" connector-ref="MS_SQL_Connector" doc:name="insertDetail" doc:description="Inserta los detalles en la tabla OperationDetail de la B.D de SQLServer.">
                <jdbc:query key="insertVtaDetail" value="INSERT INTO OperationDetail
(Id, IdOperation, IdOperationJDE, LineNumber, IdLocation, IdProduct, IdProductType, IdProductParent, IdUM, DocCount, Count, Lot, IdPriceType, OperationCost, OperationPrice, OperationAmount, Points, 
ProductIVACodeApplied, ProductIVAApplied, Management, Pediment, AddedDate, Invoice1, Invoice2, Invoice3, String1, String2)
VALUES(#[payload['Id']], #[payload['IdOperation']], #[payload['IdOperationJDE']], #[payload['LineNumber']], #[payload['IdLocation']], #[payload['IdProduct']], #[payload['IdProductType']], #[payload['IdProductParent']], #[payload['IdUM']], #[payload['DocCount']], 
#[payload['Count']], #[payload['Lot']], #[payload['IdPriceType']], #[payload['OperationCost']], #[payload['OperationPrice']], #[payload['OperationAmount']], 
#[payload['Points']], #[payload['ProductIVACodeApplied']], #[payload['ProductIVAApplied']], #[payload['Management']], #[payload['Pediment']], 
#[payload['AddedDate']], #[payload['Invoice1']], #[payload['Invoice2']], #[payload['Invoice3']], #[payload['String1']], #[payload['String2']]);"/>
            </jdbc:outbound-endpoint>
        </foreach>
        <jdbc:outbound-endpoint exchange-pattern="one-way" queryKey="update-status" queryTimeout="-1" connector-ref="MySQL_Connector" doc:name="update-Status" doc:description="Actauliza el campo Status = 'C' (Completado) en la tabla Operation de MySql.
">
            <jdbc:query key="update-status" value="UPDATE operation SET Status = 'C' WHERE Id = #[idd]"/>
        </jdbc:outbound-endpoint>
    </flow>
</mule>
