<?xml version="1.0" encoding="UTF-8"?>

<mule xmlns:http="http://www.mulesoft.org/schema/mule/http" xmlns:jbossts="http://www.mulesoft.org/schema/mule/jbossts" xmlns:quartz="http://www.mulesoft.org/schema/mule/quartz" xmlns:jdbc="http://www.mulesoft.org/schema/mule/jdbc" xmlns="http://www.mulesoft.org/schema/mule/core" xmlns:doc="http://www.mulesoft.org/schema/mule/documentation" xmlns:spring="http://www.springframework.org/schema/beans" version="CE-3.4.0" xmlns:xsi="http://www.w3.org/2001/XMLSchema-instance" xsi:schemaLocation="http://www.springframework.org/schema/beans http://www.springframework.org/schema/beans/spring-beans-current.xsd
http://www.mulesoft.org/schema/mule/core http://www.mulesoft.org/schema/mule/core/current/mule.xsd
http://www.mulesoft.org/schema/mule/jdbc http://www.mulesoft.org/schema/mule/jdbc/current/mule-jdbc.xsd
http://www.mulesoft.org/schema/mule/quartz http://www.mulesoft.org/schema/mule/quartz/current/mule-quartz.xsd
http://www.mulesoft.org/schema/mule/jbossts http://www.mulesoft.org/schema/mule/jbossts/current/mule-jbossts.xsd
http://www.mulesoft.org/schema/mule/http http://www.mulesoft.org/schema/mule/http/current/mule-http.xsd">
    <jdbc:endpoint exchange-pattern="one-way" queryKey="maxsDates" name="JDBC_GetMaxDate_Qwartz" queryTimeout="-1" pollingFrequency="1000" connector-ref="MS_SQL_Connector" doc:name="JDBC">
        <jdbc:query key="maxsDates" value="select * 
from Product 
Left join ProductStatus 
on Product.Id = ProductStatus.Id
where ProductStatus.Status not in ('T');"/>
    </jdbc:endpoint>
    <flow name="productsFlow3" doc:name="productsFlow3" initialState="started">
        <jdbc:inbound-endpoint queryKey="getProd" queryTimeout="-1" pollingFrequency="60000" connector-ref="MS_SQL_Connector" doc:name="getProd">
            <jdbc:query key="getProd" value="select * 
from Product 
Left join ProductStatus 
on Product.Id = ProductStatus.IdProductStatus
where ProductStatus.Status not in ('T');"/>
        </jdbc:inbound-endpoint>
        <logger message="#[payload]" level="INFO" doc:name="log-payload"/>
        <jdbc:outbound-endpoint exchange-pattern="one-way" queryKey="deleteRowSta" queryTimeout="-1" connector-ref="MS_SQL_Connector" doc:name="deleteRow">
            <jdbc:query key="deleteRowSta" value="DELETE FROM ProductStatus WHERE IdProductStatus = #[payload['Id']]"/>
        </jdbc:outbound-endpoint>
        <enricher target="#[variable:count]" doc:name="NewID">
            <jdbc:outbound-endpoint exchange-pattern="request-response" queryKey="existe" queryTimeout="-1" connector-ref="MySQL_Connector" doc:name="cuento">
                <jdbc:query key="existe" value="select count(*) as count from product where Id = #[payload['Id']];"/>
            </jdbc:outbound-endpoint>
        </enricher>
        <logger message="#[count[0]['count']]" level="INFO" doc:name="log-count"/>
        <choice doc:name="Choice">
            <when expression="#[count[0]['count']==0]">
                <logger message="INSERTA" level="INFO" doc:name="INSERT"/>
                <logger message="INSERT INTO Product (Id, IdType, Name, Code, Description, IdUM, BarCode, CostPrice, IdCategory1, IdCategory2, IdCategory3, ApplyDiscount, IdIVAType, ModifiedDate, String1, String2, Disabled) VALUES(#[payload['Id']], #[payload['IdType']], #[payload['Name']], #[payload['Code']], #[payload['Description']], #[payload['IdUM']], #[payload['BarCode']], #[payload['CostPrice']], #[payload['IdCategory1']], #[payload['IdCategory2']], #[payload['IdCategory3']], #[payload['ApplyDiscount']], #[payload['IdIVAType']], #[payload['ModifiedDate']], #[payload['String1']], #[payload['String2']], #[payload['Disabled']]);" level="INFO" doc:name="log-insert"/>
                <jdbc:outbound-endpoint exchange-pattern="one-way" queryKey="InsertProduct" queryTimeout="-1" connector-ref="MySQL_Connector" doc:name="Insert-Product">
                    <jdbc:query key="InsertProduct" value="INSERT INTO product
(Id, IdType, Name, Code, Description, IdUM, BarCode, CostPrice, IdCategory1, IdCategory2, 
IdCategory3, ApplyDiscount, IdIVAType, ModifiedDate, String1, String2, Disabled)
VALUES(#[payload['Id']], #[payload['IdType']], #[payload['Name']], #[payload['Code']], 
#[payload['Description']], #[payload['IdUM']], #[payload['BarCode']], #[payload['CostPrice']], 
#[payload['IdCategory1']], #[payload['IdCategory2']], #[payload['IdCategory3']], #[payload['ApplyDiscount']], 
#[payload['IdIVAType']], Now(), #[payload['String1']], #[payload['String2']], #[payload['Disabled']]);"/>
                </jdbc:outbound-endpoint>
            </when>
            <otherwise>
                <logger message="ACTUALIZANDO PRODUCTO" level="INFO" doc:name="UPDATE"/>
                <logger message="UPDATE Product SET IdType= #[payload['IdType']], Name= #[payload['Name']], Code= #[payload['Code']], Description= #[payload['Description']], IdUM= #[payload['IdUM']], BarCode= #[payload['BarCode']], CostPrice= #[payload['CostPrice']], IdCategory1= #[payload['IdCategory1']], IdCategory2= #[payload['IdCategory2']], IdCategory3= #[payload['IdCategory3']], ApplyDiscount= #[payload['ApplyDiscount']], IdIVAType= #[payload['IdIVAType']], ModifiedDate= #[payload['ModifiedDate']], String1= #[payload['String1']], String2= #[payload['String2']], Disabled= #[payload['Disabled']] WHERE Id = #[payload['Id']];" level="INFO" doc:name="log-update"/>
                <jdbc:outbound-endpoint exchange-pattern="one-way" queryKey="updateProduct" queryTimeout="-1" connector-ref="MySQL_Connector" doc:name="update-product">
                    <jdbc:query key="updateProduct" value="UPDATE product SET	
IdType= #[payload['IdType']], Code= #[payload['Code']], Description= #[payload['Description']], IdUM= #[payload['IdUM']], BarCode= #[payload['BarCode']], CostPrice= #[payload['CostPrice']], IdCategory1= #[payload['IdCategory1']], IdCategory2= #[payload['IdCategory2']], IdCategory3= #[payload['IdCategory3']], ApplyDiscount= #[payload['ApplyDiscount']], 
IdIVAType= #[payload['IdIVAType']], ModifiedDate= Now(), String1= #[payload['String1']], String2= #[payload['String2']], Disabled= #[payload['Disabled']] WHERE Id = #[payload['Id']];"/>
                </jdbc:outbound-endpoint>
            </otherwise>
        </choice>
        <jdbc:outbound-endpoint exchange-pattern="one-way" queryKey="DisabledProd" queryTimeout="-1" connector-ref="MySQL_Connector" doc:name="disabledProduct">
            <jdbc:query key="DisabledProd" value="update product 
set Disabled = 1 
where Id in  (select IdProduct from product_price where Disabled = 1) and Disabled = 0;"/>
        </jdbc:outbound-endpoint>
    </flow>
</mule>
