<?xml version="1.0" encoding="UTF-8"?>

<mule xmlns:quartz="http://www.mulesoft.org/schema/mule/quartz" xmlns:http="http://www.mulesoft.org/schema/mule/http" xmlns:vm="http://www.mulesoft.org/schema/mule/vm" xmlns:jdbc="http://www.mulesoft.org/schema/mule/jdbc" xmlns="http://www.mulesoft.org/schema/mule/core" xmlns:doc="http://www.mulesoft.org/schema/mule/documentation" xmlns:spring="http://www.springframework.org/schema/beans" version="CE-3.4.0" xmlns:xsi="http://www.w3.org/2001/XMLSchema-instance" xsi:schemaLocation="http://www.mulesoft.org/schema/mule/jdbc http://www.mulesoft.org/schema/mule/jdbc/current/mule-jdbc.xsd
http://www.springframework.org/schema/beans http://www.springframework.org/schema/beans/spring-beans-current.xsd
http://www.mulesoft.org/schema/mule/core http://www.mulesoft.org/schema/mule/core/current/mule.xsd
http://www.mulesoft.org/schema/mule/vm http://www.mulesoft.org/schema/mule/vm/current/mule-vm.xsd
http://www.mulesoft.org/schema/mule/http http://www.mulesoft.org/schema/mule/http/current/mule-http.xsd
http://www.mulesoft.org/schema/mule/quartz http://www.mulesoft.org/schema/mule/quartz/current/mule-quartz.xsd">
    <flow name="resurtidosFlow1" doc:name="resurtidosFlow1" initialState="started">
        <jdbc:inbound-endpoint queryKey="GettingResurt" queryTimeout="-1" pollingFrequency="30000" connector-ref="MS_SQL_Connector" doc:name="getResurt">
            <jdbc:query key="GettingResurt" value="select * 
from Operation 
Left join OperationStatus
on Operation.Id = OperationStatus.IdOperationStatus
where OperationStatus.Status = 'A';"/>
        </jdbc:inbound-endpoint>
        <logger message="#[payload]" level="INFO" doc:name="Logger"/>
        <jdbc:outbound-endpoint exchange-pattern="one-way" queryKey="deleteIdRowSta" queryTimeout="-1" connector-ref="MS_SQL_Connector" doc:name="deleterow">
            <jdbc:query key="deleteIdRowSta" value="DELETE from OperationStatus where IdOperationStatus = #[payload['Id']]"/>
        </jdbc:outbound-endpoint>
        <logger message="INSERTA" level="INFO" doc:name="INSERTA"/>
        <logger message="INSERT INTO Operation (Id, IdJDE, IdShop, IdType, IdSubType, IdDim, IdCashier, Consecutive, OfficialConsecutive, CancelConsecutive, Source, Pediment, IdOperationCurrency, ChangeRate, IVACodeAppliedToManagement, IVAAppliedToManagement, TotalPointOperation, SubTotalOperationAmount, TotalManagementOperation, DiscountPercentApply, TotalOperationDiscount, TotalIVAOperation, OperationAmount, Amount, IdStatus, AddedDate, Reference, Notes, ModifiedBy, ModifiedDate, ModifiedOn, String1, String2, Status) VALUES(#[payload['Id']], #[payload['IdJDE']], #[payload['IdShop']], #[payload['IdType']], #[payload['IdSubType']], #[payload['IdDim']], #[payload['IdCashier']], #[payload['Consecutive']], #[payload['OfficialConsecutive']], #[payload['CancelConsecutive']], #[payload['Source']], #[payload['Pediment']], #[payload['IdOperationCurrency']], #[payload['ChangeRate']], #[payload['IVACodeAppliedToManagement']], #[payload['IVAAppliedToManagement']], #[payload['TotalPointOperation']], #[payload['SubTotalOperationAmount']], #[payload['TotalManagementOperation']], #[payload['DiscountPercentApply']], #[payload['TotalOperationDiscount']], #[payload['TotalIVAOperation']], #[payload['OperationAmount']], #[payload['Amount']], #[payload['IdStatus']], #[payload['AddedDate']], #[payload['Reference']], #[payload['Notes']], #[payload['ModifiedBy']], #[payload['ModifiedDate']], #[payload['ModifiedOn']], #[payload['String1']], #[payload['String2']], 'A');" level="INFO" doc:name="log-insert"/>
        <jdbc:outbound-endpoint exchange-pattern="one-way" queryKey="insertOt" queryTimeout="-1" connector-ref="MySQL_Connector" doc:name="Insert-ot">
            <jdbc:query key="insertOt" value="INSERT INTO operation
(Id, IdJDE, IdShop, IdType, IdSubType, IdDim, IdCashier, Consecutive, OfficialConsecutive, CancelConsecutive, Source, Pediment, IdOperationCurrency, ChangeRate, IVACodeAppliedToManagement, IVAAppliedToManagement, TotalPointOperation, SubTotalOperationAmount, TotalManagementOperation, DiscountPercentApply, TotalOperationDiscount, TotalIVAOperation, OperationAmount, Amount, IdStatus, AddedDate, Reference, Notes, ModifiedBy, ModifiedDate, ModifiedOn, String1, String2, Status)
VALUES(#[payload['Id']], #[payload['IdJDE']], #[payload['IdShop']], #[payload['IdType']], #[payload['IdSubType']], #[payload['IdDim']], #[payload['IdCashier']], #[payload['Consecutive']], #[payload['OfficialConsecutive']], #[payload['CancelConsecutive']], #[payload['Source']], #[payload['Pediment']], #[payload['IdOperationCurrency']], #[payload['ChangeRate']], #[payload['IVACodeAppliedToManagement']], #[payload['IVAAppliedToManagement']], #[payload['TotalPointOperation']], #[payload['SubTotalOperationAmount']], #[payload['TotalManagementOperation']], #[payload['DiscountPercentApply']], #[payload['TotalOperationDiscount']], #[payload['TotalIVAOperation']], #[payload['OperationAmount']], #[payload['Amount']], 36, #[payload['AddedDate']], #[payload['Reference']], #[payload['Notes']], #[payload['ModifiedBy']], #[payload['ModifiedDate']], #[payload['ModifiedOn']], #[payload['String1']], #[payload['String2']], 'A');"/>
        </jdbc:outbound-endpoint>
        <set-session-variable variableName="idd" value="#[payload['Id']]" doc:name="Session Variable"/>
        <flow-ref name="resurtidosDetalle" doc:name="Flow Reference"/>
    </flow>
    <flow name="resurtidosDetalle" doc:name="resurtidosDetalle" initialState="started" >
        <jdbc:outbound-endpoint exchange-pattern="request-response" queryKey="get Detail" queryTimeout="-1" connector-ref="MS_SQL_Connector" doc:name="getDetail">
            <jdbc:query key="get Detail" value="SELECT * FROM OperationDetail WHERE  IdOperation = #[idd]"/>
        </jdbc:outbound-endpoint>
        <foreach doc:name="For Each">
            <logger message="#[payload]" level="INFO" doc:name="log-payload"/>
            <logger message="INSERT INTO OperationDetail(Id, IdOperation, IdOperationJDE, LineNumber, IdLocation, IdLocation2, IdProduct, IdProductType, IdProductParent, ParentRow, IdUM,DocCount, Count, Lot, IdPriceType, OperationCost, OperationPrice, OperationAmount, Points, ProductIVACodeApplied, ProductIVAApplied, Management, Pediment, AddedDate, Invoice1, Invoice2, Invoice3, String1, String2) VALUES(1, #[payload['IdOperation']], #[payload['IdOperationJDE']], #[payload['LineNumber']], #[payload['IdLocation']], #[payload['IdLocation2']], #[payload['IdProduct']], #[payload['IdProductType']], #[payload['IdProductParent']], #[payload['ParentRow']], #[payload['IdUM']], #[payload['DocCount']], #[payload['Count']], #[payload['Lot']], #[payload['IdPriceType']], #[payload['OperationCost']], #[payload['OperationPrice']], #[payload['OperationAmount']], #[payload['Points']], #[payload['ProductIVACodeApplied']], #[payload['ProductIVAApplied']], #[payload['Management']], #[payload['Pediment']], #[payload['AddedDate']], #[payload['Invoice1']], #[payload['Invoice2']], #[payload['Invoice3']], #[payload['String1']], #[payload['String2']]);" level="INFO" doc:name="Logger"/>
            <jdbc:outbound-endpoint exchange-pattern="one-way" queryKey="insertDetail" queryTimeout="-1" connector-ref="MySQL_Connector" doc:name="Insert-det">
                <jdbc:query key="insertDetail" value="INSERT INTO operationdetail
(Id, IdOperation, IdOperationJDE, LineNumber, IdLocation, IdLocation2, IdProduct, IdProductType, IdProductParent, 
ParentRow, IdUM, DocCount, Count, Lot, IdPriceType, OperationCost, OperationPrice, OperationAmount, Points, 
ProductIVACodeApplied, ProductIVAApplied, Management, Pediment, AddedDate, Invoice1, Invoice2, Invoice3, String1, String2)
VALUES(#[payload['Id']], #[payload['IdOperation']], #[payload['IdOperationJDE']], #[payload['LineNumber']], #[payload['IdLocation']], #[payload['IdLocation2']], 
#[payload['IdProduct']], #[payload['IdProductType']], #[payload['IdProductParent']], #[payload['ParentRow']], #[payload['IdUM']], #[payload['DocCount']], 
#[payload['Count']], #[payload['Lot']], #[payload['IdPriceType']], #[payload['OperationCost']], #[payload['OperationPrice']], #[payload['OperationAmount']], 
#[payload['Points']], #[payload['ProductIVACodeApplied']], #[payload['ProductIVAApplied']], #[payload['Management']], #[payload['Pediment']], 
#[payload['AddedDate']], #[payload['Invoice1']], #[payload['Invoice2']], #[payload['Invoice3']], #[payload['String1']], #[payload['String2']]);"/>
            </jdbc:outbound-endpoint>
            <logger message="#[payload['IdProduct']],  #[payload['DocCount']]" level="INFO" doc:name="log-inventory"/>
            <jdbc:outbound-endpoint exchange-pattern="one-way" queryKey="update-inventory" queryTimeout="-1" connector-ref="MySQL_Connector" doc:name="update-inventory">
                <jdbc:query key="update-inventory" value="UPDATE inventory set Count = Count + #[payload['DocCount']] WHERE IdProduct= #[payload['IdProduct']];"/>
            </jdbc:outbound-endpoint>
            <jdbc:outbound-endpoint exchange-pattern="one-way" queryKey="ReciboCount" queryTimeout="-1" connector-ref="MS_SQL_Connector" doc:name="updateCountMS">
                <jdbc:query key="ReciboCount" value="Update OperationDetail set Count = #[payload['DocCount']] where IdProduct = #[payload['IdProduct']] and Id = #[payload['Id']]"/>
            </jdbc:outbound-endpoint>
        </foreach>
        <logger message="#[idd]" level="INFO" doc:name="log-Id"/>
        <jdbc:outbound-endpoint exchange-pattern="one-way" queryKey="update-IdStatus" queryTimeout="-1" connector-ref="MS_SQL_Connector" doc:name="confirmado">
            <jdbc:query key="update-IdStatus" value="UPDATE operation SET IdStatus = 36 WHERE Id = #[idd]"/>
        </jdbc:outbound-endpoint>
        <jdbc:outbound-endpoint exchange-pattern="one-way" queryKey="updateStatus" queryTimeout="-1" connector-ref="MySQL_Connector" doc:name="completado">
            <jdbc:query key="updateStatus" value="UPDATE operation SET Status = 'C' WHERE Id = #[idd]"/>
        </jdbc:outbound-endpoint>
    </flow>
</mule>
